Sample_name,Plexing,Input,Sequence_pairs_analyzed,Mapping_efficency,unique_cpg,methylation_CpG,methylation_CHG,methylation_CHH
0022,12,100ng,92314511,74.20%,13135091,46.60%,0.10%,0.10%
0024,12,100ng,91538550,55.80%,10667157,47.10%,0.10%,0.10%
0034,12,100ng,104172158,71.20%,12291106,46.70%,0.10%,0.10%
0036,12,100ng,74158915,61.80%,10457394,46.80%,0.10%,0.10%
0038,12,100ng,65267141,81.00%,11652812,46.10%,0.10%,0.10%
0043,12,100ng,97527753,77.30%,15641081,46.50%,0.10%,0.10%
0044,12,100ng,101924350,69.30%,12992433,46.50%,0.10%,0.10%
0059,12,100ng,101331406,76.30%,13179244,44.70%,0.10%,0.10%
0060,12,100ng,74741953,76.40%,13450688,46.00%,0.10%,0.10%
0061,12,100ng,93452111,69.90%,17249900,46.80%,0.10%,0.10%
0068,12,100ng,85555167,79.50%,11008058,46.30%,0.20%,0.10%
0193,12,100ng,95167787,69.90%,12482055,40.70%,0.10%,0.10%
0004,24,100ng,14744700,73.50%,7751454,46.50%,0.10%,0.10%
0009,24,100ng,25714875,74.60%,8674449,46.70%,0.20%,0.10%
0010,24,100ng,25717414,74.80%,8904234,47.00%,0.10%,0.10%
0016,24,100ng,23459336,72.90%,8599333,46.00%,0.10%,0.10%
0017,24,100ng,19421619,63.40%,8276932,46.00%,0.10%,0.10%
0030,24,100ng,29155563,74.60%,8822045,46.30%,0.10%,0.10%
0032,24,100ng,23584201,70.50%,8965967,46.80%,0.10%,0.10%
0035,24,100ng,26341136,75.90%,10242727,42.80%,0.10%,0.10%
0040,24,100ng,17015941,77.20%,8057963,45.10%,0.20%,0.10%
0041,24,100ng,16758946,78.40%,8000739,45.40%,0.10%,0.10%
0045,24,100ng,27987154,75.70%,9407043,46.70%,0.10%,0.10%
0046,24,100ng,23396489,77.00%,8491296,46.00%,0.20%,0.10%
0050,24,100ng,21084133,75.40%,8594967,46.80%,0.10%,0.10%
0052,24,100ng,20098242,65.10%,8178186,47.80%,0.10%,0.10%
0056,24,100ng,23327402,72.70%,8958070,46.90%,0.10%,0.10%
0057,24,100ng,18207357,65.60%,7991576,47.50%,0.10%,0.10%
0058,24,100ng,31290421,72.20%,8895519,48.70%,0.10%,0.10%
0067,24,100ng,22447306,79.10%,8934885,46.70%,0.20%,0.10%
0070,24,100ng,25300809,72.70%,9007081,46.30%,0.10%,0.10%
0071,24,100ng,31540783,65.70%,10102771,47.30%,0.10%,0.10%
0083,24,100ng,24291528,74.20%,9233277,46.30%,0.10%,0.10%
0087,24,100ng,26544705,74.50%,8727769,45.10%,0.10%,0.10%
0095,24,100ng,22578888,74.60%,8476238,45.70%,0.20%,0.10%
0193,24,100ng,23757461,69.80%,8601519,41.10%,0.20%,0.10%
0002,48,100ng,18603228,75.00%,8117283,46.20%,0.10%,0.10%
0005,48,100ng,21017969,72.90%,8127893,45.60%,0.10%,0.10%
0006,48,100ng,18447208,68.80%,7971533,45.70%,0.10%,0.10%
0008,48,100ng,16687273,74.90%,8049571,46.70%,0.10%,0.10%
0012,48,100ng,19319504,74.00%,8053763,46.40%,0.10%,0.10%
0014,48,100ng,16797191,68.80%,8009235,47.30%,0.10%,0.10%
0018,48,100ng,18701948,72.10%,8013371,45.80%,0.10%,0.10%
0019,48,100ng,20391125,71.20%,8133591,45.50%,0.10%,0.10%
0020,48,100ng,19257450,73.30%,8336774,45.60%,0.10%,0.10%
0023,48,100ng,22235166,74.00%,8402807,46.50%,0.10%,0.10%
0025,48,100ng,15078884,68.60%,7654588,46.50%,0.10%,0.10%
0026,48,100ng,17327867,71.00%,8236741,45.50%,0.10%,0.10%
0027,48,100ng,18854759,67.40%,8045237,46.10%,0.10%,0.10%
0028,48,100ng,18930941,70.30%,8168411,46.60%,0.10%,0.10%
0029,48,100ng,19565843,67.00%,9274135,47.10%,0.10%,0.10%
0031,48,100ng,21709369,69.10%,8065230,45.70%,0.10%,0.10%
0033,48,100ng,29322093,64.80%,8447483,49.10%,0.10%,0.10%
0037,48,100ng,14446487,76.40%,7863380,46.20%,0.10%,0.10%
0039,48,100ng,16779202,75.50%,8273012,45.60%,0.10%,0.10%
0042,48,100ng,18816339,75.60%,8108486,46.50%,0.10%,0.10%
0047,48,100ng,19793464,76.10%,8248986,46.50%,0.10%,0.10%
0048,48,100ng,18922943,75.60%,8027816,44.80%,0.10%,0.10%
0049,48,100ng,15952456,74.50%,8226256,47.20%,0.10%,0.10%
0051,48,100ng,16917225,74.60%,7926914,47.40%,0.10%,0.10%
0053,48,100ng,17650672,74.90%,8040191,46.70%,0.10%,0.10%
0054,48,100ng,20088627,74.30%,8317557,45.90%,0.10%,0.10%
0055,48,100ng,24379322,74.80%,8430145,47.50%,0.10%,0.10%
0062,48,100ng,14572947,73.70%,7696563,45.70%,0.10%,0.10%
0069,48,100ng,18162249,73.30%,8010035,46.10%,0.10%,0.10%
0072,48,100ng,16576259,69.20%,8083624,46.60%,0.10%,0.10%
0073,48,100ng,13136085,74.10%,7620927,45.50%,0.10%,0.10%
0074,48,100ng,18630020,67.30%,7917839,47.00%,0.10%,0.10%
0075,48,100ng,17587835,74.00%,8032360,45.70%,0.10%,0.10%
0076,48,100ng,19650901,70.40%,8128016,45.00%,0.10%,0.10%
0077,48,100ng,18048471,70.70%,8854831,46.80%,0.10%,0.10%
0078,48,100ng,19400362,70.70%,7930768,46.80%,0.10%,0.10%
0080,48,100ng,21355902,73.30%,8149783,45.20%,0.10%,0.10%
0081,48,100ng,22146201,72.50%,8302557,45.90%,0.10%,0.10%
0082,48,100ng,17692977,73.70%,8184615,45.50%,0.10%,0.10%
0084,48,100ng,18135513,74.10%,8010020,45.30%,0.10%,0.10%
0085,48,100ng,17632928,74.80%,7933645,45.70%,0.10%,0.10%
0088,48,100ng,17143706,74.70%,7900762,45.10%,0.10%,0.10%
0089,48,100ng,18039009,72.50%,8095075,45.70%,0.10%,0.10%
0090,48,100ng,17333429,73.20%,8747017,46.30%,0.10%,0.10%
0092,48,100ng,16321517,73.80%,8139090,45.50%,0.10%,0.10%
0094,48,100ng,19208651,73.80%,8080149,45.40%,0.10%,0.10%
0096,48,100ng,18539851,74.80%,8340371,46.50%,0.20%,0.10%
0193,48,100ng,19987552,69.70%,8143720,40.80%,0.10%,0.10%
0001,96,100ng,12749353,77.00%,7484978,46.40%,0.30%,0.30%
0002,96,100ng,16919863,75.10%,7887195,46.80%,0.30%,0.30%
0003,96,100ng,16968911,74.80%,7944237,46.70%,0.30%,0.30%
0004,96,100ng,17073667,73.60%,7865936,46.80%,0.30%,0.30%
0005,96,100ng,18542688,73.20%,7922142,46.20%,0.30%,0.20%
0006,96,100ng,16575439,69.20%,7802770,46.30%,0.30%,0.20%
0007,96,100ng,16878378,74.90%,7804882,46.70%,0.30%,0.30%
0008,96,100ng,14238858,75.10%,7709221,47.20%,0.30%,0.30%
0009,96,100ng,20284426,74.80%,8125828,46.90%,0.30%,0.30%
0010,96,100ng,17819450,74.90%,8014764,47.30%,0.30%,0.30%
0011,96,100ng,17841978,74.40%,7936680,47.10%,0.30%,0.30%
0012,96,100ng,15753136,74.30%,7756234,47.00%,0.30%,0.30%
0013,96,100ng,15822916,73.80%,7729366,46.80%,0.30%,0.20%
0014,96,100ng,15113234,69.10%,7778597,47.90%,0.30%,0.30%
0015,96,100ng,17526049,73.10%,7874326,46.10%,0.30%,0.30%
0016,96,100ng,23385467,73.00%,8377541,46.30%,0.30%,0.30%
0017,96,100ng,15127780,63.20%,7704105,46.20%,0.30%,0.20%
0018,96,100ng,16290175,72.30%,7790011,46.30%,0.30%,0.20%
0019,96,100ng,18061733,71.50%,7945381,46.10%,0.30%,0.20%
0020,96,100ng,16227594,73.50%,7927210,46.20%,0.30%,0.20%
0022,96,100ng,17175267,73.90%,8003901,47.30%,0.30%,0.30%
0023,96,100ng,19385392,74.40%,8099384,47.10%,0.30%,0.20%
0024,96,100ng,17127852,55.70%,7667989,47.90%,0.30%,0.20%
0025,96,100ng,13635340,69.10%,7509676,47.10%,0.30%,0.20%
0026,96,100ng,15217359,71.40%,7858050,46.00%,0.30%,0.20%
0027,96,100ng,17369153,67.80%,7876262,46.70%,0.30%,0.20%
0028,96,100ng,16574765,70.60%,7900859,47.20%,0.30%,0.30%
0029,96,100ng,16657728,67.10%,8385172,47.50%,0.30%,0.30%
0030,96,100ng,21430778,74.70%,8171355,46.60%,0.30%,0.20%
0031,96,100ng,18468727,69.60%,7840987,46.30%,0.30%,0.20%
0032,96,100ng,17644056,70.60%,8080076,47.00%,0.30%,0.30%
0033,96,100ng,24858724,65.10%,8145078,49.70%,0.30%,0.30%
0034,96,100ng,20030796,71.50%,8128522,47.40%,0.30%,0.30%
0035,96,100ng,18251254,75.80%,8490987,42.90%,0.30%,0.30%
0036,96,100ng,13902659,61.70%,7478035,47.50%,0.30%,0.20%
0037,96,100ng,13505448,76.60%,7679188,46.80%,0.30%,0.30%
0038,96,100ng,13394886,81.50%,7683747,46.80%,0.30%,0.30%
0039,96,100ng,15105587,75.70%,7929527,46.20%,0.30%,0.30%
0040,96,100ng,17515005,77.30%,7965417,45.40%,0.30%,0.30%
0041,96,100ng,17685745,78.60%,7968762,45.60%,0.30%,0.30%
0042,96,100ng,17272812,75.90%,7924162,47.10%,0.30%,0.30%
0043,96,100ng,18615202,77.40%,8290040,46.90%,0.30%,0.30%
0044,96,100ng,18861607,69.30%,8119591,47.20%,0.30%,0.20%
0045,96,100ng,21350624,75.70%,8432451,46.90%,0.30%,0.30%
0046,96,100ng,16386105,77.20%,7831874,46.30%,0.30%,0.30%
0047,96,100ng,16375040,76.30%,7882103,47.10%,0.30%,0.30%
0048,96,100ng,16106880,75.80%,7732558,45.40%,0.30%,0.30%
0049,96,100ng,14469881,74.60%,7865425,47.70%,0.30%,0.30%
0050,96,100ng,17839280,75.60%,8059223,46.90%,0.30%,0.30%
0051,96,100ng,15201103,74.90%,7752057,48.00%,0.30%,0.30%
0052,96,100ng,17045888,65.10%,7821903,48.20%,0.30%,0.20%
0053,96,100ng,15437637,75.30%,7789461,47.20%,0.30%,0.30%
0054,96,100ng,17670713,74.50%,8020876,46.60%,0.30%,0.30%
0055,96,100ng,21648995,75.10%,8115070,48.10%,0.30%,0.30%
0056,96,100ng,16069164,72.80%,7918571,47.10%,0.30%,0.30%
0057,96,100ng,14140734,65.60%,7591077,47.80%,0.30%,0.20%
0058,96,100ng,21731567,72.30%,8118204,49.00%,0.30%,0.30%
0059,96,100ng,18654065,76.60%,8164140,45.40%,0.30%,0.20%
0060,96,100ng,13436904,76.30%,7839014,46.60%,0.30%,0.30%
0061,96,100ng,15240759,69.40%,7963434,46.80%,0.40%,0.30%
0062,96,100ng,13098154,74.20%,7536764,46.30%,0.30%,0.30%
0063,96,100ng,9835571,86.50%,6512623,42.00%,0.30%,0.30%
0064,96,100ng,9488983,87.20%,5743468,28.70%,0.30%,0.30%
0065,96,100ng,17554874,86.00%,8332354,47.30%,0.30%,0.30%
0066,96,100ng,15079628,83.80%,7218520,45.80%,0.30%,0.30%
0067,96,100ng,16770429,79.50%,8062463,46.90%,0.30%,0.30%
0068,96,100ng,16085860,80.00%,7768144,47.00%,0.30%,0.30%
0069,96,100ng,16038971,73.60%,7791879,46.80%,0.30%,0.30%
0070,96,100ng,17778742,72.60%,8029581,46.50%,0.30%,0.30%
0071,96,100ng,21732928,65.40%,8491621,47.30%,0.30%,0.30%
0072,96,100ng,14160600,69.60%,7724928,47.10%,0.30%,0.30%
0073,96,100ng,13669522,74.30%,7621083,46.00%,0.30%,0.30%
0074,96,100ng,16925183,67.70%,7769824,47.40%,0.30%,0.20%
0075,96,100ng,16097157,74.20%,7848318,46.20%,0.30%,0.30%
0076,96,100ng,17027894,70.70%,7814119,45.60%,0.30%,0.20%
0077,96,100ng,15683759,70.90%,8184472,47.20%,0.30%,0.30%
0078,96,100ng,17534981,71.10%,7785279,47.40%,0.30%,0.20%
0079,96,100ng,13647831,73.90%,7616166,45.80%,0.30%,0.30%
0080,96,100ng,19686299,73.50%,8013425,45.70%,0.30%,0.20%
0081,96,100ng,20083356,72.80%,8089249,46.50%,0.30%,0.30%
0082,96,100ng,15796786,74.00%,7907640,46.20%,0.30%,0.20%
0083,96,100ng,17767349,74.20%,8178725,46.50%,0.30%,0.30%
0084,96,100ng,16730313,74.30%,7854682,45.90%,0.30%,0.20%
0085,96,100ng,16473777,75.00%,7800181,46.20%,0.30%,0.30%
0087,96,100ng,20927293,74.70%,8167484,45.40%,0.30%,0.30%
0088,96,100ng,15399873,75.00%,7729968,45.60%,0.30%,0.30%
0089,96,100ng,16327029,72.80%,7882676,46.30%,0.30%,0.30%
0090,96,100ng,15143287,73.30%,8088533,46.70%,0.30%,0.30%
0091,96,100ng,17246749,73.40%,7874935,45.70%,0.30%,0.30%
0092,96,100ng,14398402,74.10%,7793041,45.90%,0.30%,0.30%
0093,96,100ng,17591067,74.50%,7868001,46.10%,0.30%,0.20%
0094,96,100ng,15512980,74.10%,7732063,45.90%,0.30%,0.30%
0095,96,100ng,17399656,74.70%,7939649,46.00%,0.30%,0.30%
0096,96,100ng,15387814,74.90%,7904758,47.10%,0.30%,0.30%
0193,96,100ng,17217732,69.80%,7804331,41.30%,0.30%,0.30%